First,Last
"Pedrag","Savovic"
"Dan","Dickau"
"Tauren","Prince"
"Cristiano","Felicio"
"Amar'e","Stoudemire"
"Ken","Johnson"
"Vince","Edwards"
"Ronald","Murray"
"Mehmet","Okur"
"JR","Smith"
"Devin","Brown"
"Wesley","Iwundu"
"CJ","Williams"
"Dan","Gadzuric"
"Toure'","Murry"
"BJ","Johnson"
"Fred","Jones"
"TJ","Ford"
"Jannero","Pargo"
"Roko","Ukic"
"DJ","Stephens"
"Jared","Jeffries"
"Robert","Archibald"
"Pat","Burke"
"Antoine","Rigaudeau"
"JR","Bremer"
"Lonny","Baxter"
"James Michael","McAdoo"
"Mitch","Creek"
"Juaquin","Hawkins"
"TJ","McConnell"
"Nene","Hilario"
"JR","Giddens"
"Junior","Harrington"
"Dajuan","Wagner"
"DJ","White"
"Juan Carlos","Navarro"
"Didier","Ilunga-Mbenga"
"Eugene","Jeter"
"PJ","Tucker"
"Chris","Jefferies"
"Paul","Shirley"
"Peter John","Ramos"
"Louis","Amundson"
"Cezary","Trybanski"
"Rasual","Butler"
"Marko","Jaric"
"JJ","Barea"
"DJ","Kennedy"
"Derrick","Jones"
"PJ","Hairston"
"DJ","Wilson"
"Marcus","Haislip"
"Jiri","Welsch"
"Sheldon","Mac"
"Maceo","Baston"
"Efthimi","Rentzias"
"Mike","Dunleavy"
"Tamar","Slay"
"Qyntel","Woods"
"Mike","Wilks"
"Yao","Ming"
"Ibo","Kutluay"
"Sean","Lampley"
"Luigi","Datome"
"TJ","Leaf"
"DJ","Strawberry"
"John","Lucas"
"Mike","Batiste"
"Andres","Nocioni"
"Adam","Harrington"
"AJ","Hammons"
"CJ","Wilcox"
"Frank","Williams"
"JJ","O'Brien"
"RJ","Hunter"
"Edy","Tavares"
"Jakob","Poeltl"
"Vincent","Yarbrough"
"Nando","De Colo"
"Casey","Jacobsen"
"Walt","Lemon"
"Jamal","Sampson"
"JJ","Redick"
"Chris","Wilcox"
"JP","Macura"
"JJ","Hickson"
"Bostjan","Nachbar"
"AJ","Price"
"Nikoloz","Tskitishvili"
"Manu","Ginobili"
"Slavko","Vranes"
"Nate","Huffman"
"Caron","Butler"
"CJ","Miles"
"Vince","Hunter"
"Mike","Sweetney"
"Drew","Gooden"
"Ryan","Humphrey"
"KJ","McDaniels"
"Henry","Walker"
"Smush","Parker"
"Igor","Rakocevic"
"John","Salmons"
"OJ","Mayo"
"Melvin","Ely"
"Jianlian","Yi"
"Guy","Rucker"
"Juan","Dixon"
"Lou","Williams"
"Jeff","Ayres"
"Luc Richard","Mbah a Moute"
"Sviatoslav","Mykhailiuk"
"Carlos","Boozer"
"Tayshaun","Prince"
"Gordan","Giricek"
"Kareem","Rush"
"Roger","Mason"
"TJ","Warren"
"DJ","Augustin"
"Tito","Maddox"
"CJ","Watson"
"Jeffery","Taylor"
"Patty","Mills"
"Jay","Williams"
"Vitor","Faverani"
"Francisco","Garcia"
"Donte","Green"
"Nicolas","Laprovittola"
"Guillermo","Diaz"
