Louis,Amundson
Robert,Archibald
DJ,Augustin
Jeff,Ayres
JJ,Barea
Maceo,Baston
Mike,Batiste
Lonny,Baxter
Carlos,Boozer
JR,Bremer
Devin,Brown
Pat,Burke
Rasual,Butler
Caron,Butler
Mitch,Creek
Luigi,Datome
Nando,De Colo
Guillermo,Diaz
Dan,Dickau
Juan,Dixon
Mike,Dunleavy
Vince,Edwards
Melvin,Ely
Vitor,Faverani
Cristiano,Felicio
TJ,Ford
Dan,Gadzuric
Francisco,Garcia
JR,Giddens
Manu,Ginobili
Gordan,Giricek
Drew,Gooden
Donte,Green
PJ,Hairston
Marcus,Haislip
AJ,Hammons
Junior,Harrington
Adam,Harrington
Juaquin,Hawkins
JJ,Hickson
Nene,Hilario
Nate,Huffman
Ryan,Humphrey
RJ,Hunter
Vince,Hunter
Didier,Ilunga-Mbenga
Wesley,Iwundu
Casey,Jacobsen
Marko,Jaric
Chris,Jefferies
Jared,Jeffries
Eugene,Jeter
Ken,Johnson
BJ,Johnson
Fred,Jones
Derrick,Jones
DJ,Kennedy
Ibo,Kutluay
Sean,Lampley
Nicolas,Laprovittola
First,Last
TJ,Leaf
Walt,Lemon
John,Lucas
Sheldon,Mac
JP,Macura
Tito,Maddox
Roger,Mason
OJ,Mayo
Luc Richard,Mbah a Moute
James Michael,McAdoo
TJ,McConnell
KJ,McDaniels
CJ,Miles
Patty,Mills
Ronald,Murray
Toure',Murry
Sviatoslav,Mykhailiuk
Bostjan,Nachbar
Juan Carlos,Navarro
Andres,Nocioni
JJ,O'Brien
Mehmet,Okur
Jannero,Pargo
Smush,Parker
Jakob,Poeltl
AJ,Price
Tauren,Prince
Tayshaun,Prince
Igor,Rakocevic
Peter John,Ramos
JJ,Redick
Efthimi,Rentzias
Antoine,Rigaudeau
Guy,Rucker
Kareem,Rush
John,Salmons
Jamal,Sampson
Pedrag,Savovic
Paul,Shirley
Tamar,Slay
JR,Smith
DJ,Stephens
Amar'e,Stoudemire
DJ,Strawberry
Mike,Sweetney
Edy,Tavares
Jeffery,Taylor
Cezary,Trybanski
Nikoloz,Tskitishvili
PJ,Tucker
Roko,Ukic
Slavko,Vranes
Dajuan,Wagner
Henry,Walker
TJ,Warren
CJ,Watson
Jiri,Welsch
DJ,White
CJ,Wilcox
Chris,Wilcox
Mike,Wilks
CJ,Williams
Frank,Williams
Lou,Williams
Jay,Williams
DJ,Wilson
Qyntel,Woods
Ming,Yao
Vincent,Yarbrough
Jianlian,Yi
