"","nameurl","games","minutes"
"1","carmelo-anthony-1","35","1274"
"2","marcus-banks-1","63","2160"
"3",NA,NA,NA
"4","matt-barnes-1","121","2734"
"5",NA,NA,NA
"6","troy-bell-1","122","4355"
"7","steve-blake-1","138","4319"
"8","keith-bogans-1","135","3915"
"9","curtis-borchardt-1","66","1425"
"10","chris-bosh-1","31","961"
"11","torraye-braggs-1","59","1823"
"12",NA,NA,NA
"13","matt-carroll-1","133","4149"
"14","maurice-carter-1","108","2732"
"15","brian-cook-1","132","3392"
"16","omar-cook-1","29","1107"
"17","marquis-daniels-1","111","3185"
"18","josh-davis-1","119","3129"
"19",NA,NA,NA
"20","kaniel-dickens-1","55","1221"
"21","ronald-dupree-1","129","3715"
"22",NA,NA,NA
"23","francisco-elson-1","58","1148"
"24","desmond-ferguson-1","116","3108"
"25",NA,NA,NA
"26","richie-frahm-1","130","3380"
"27","hiram-fuller-1","60","1224"
"28","reece-gaines-1","125","3950"
"29",NA,NA,NA
"30","willie-green-1","124","3720"
"31","ben-handlogten-1","109","2616"
"32","travis-hansen-1","86","2356"
"33","udonis-haslem-1","130","3237"
"34","jarvis-hayes-1","84","2637"
"35","kirk-hinrich-1","141","4187"
"36","josh-howard-1","127","3530"
"37","brandon-hunter-1","119","3879"
"38",NA,NA,NA
"39","britton-johnsen-1","109","2855"
"40","linton-johnson-1","107","2075"
"41","dahntay-jones-1","131","3903"
"42","james-jones-1","122","3355"
"43","chris-kaman-1","83","2182"
"44","jason-kapono-1","127","4318"
"45","kyle-korver-1","128","3545"
"46",NA,NA,NA
"47",NA,NA,NA
"48","keith-mcleod-1","111","3563"
"49",NA,NA,NA
"50",NA,NA,NA
"51",NA,NA,NA
"52",NA,NA,NA
"53","desmond-penigar-1","64","1785"
"54","kirk-penney-1","127","3416"
"55",NA,NA,NA
"56",NA,NA,NA
"57",NA,NA,NA
"58","luke-ridnour-1","96","3225"
"59","theron-smith-1","99","3257"
"60","darius-songaila-1","130","3406"
"61","ime-udoka-1","45","1318"
"62","dwyane-wade-1","65","1995"
"63","luke-walton-1","129","3508"
"64","david-west-1","126","4208"
"65","mo-williams-1","64","2156"
"66","tony-allen-1","67","2103"
"67","rafael-araujo-1","62","1698"
"68","trevor-ariza-1","25","790"
"69","maurice-baker-1","59","1988"
"70","andre-barrett-1","122","4294"
"71",NA,NA,NA
"72","tony-bobbitt-1","59","1085"
"73","matt-bonner-1","131","3275"
"74","antonio-burks-1","91","2784"
"75",NA,NA,NA
"76","geno-carlisle-1","108","3553"
"77","lionel-chalmers-1","123","3899"
"78","josh-childress-1","86","2459"
"79","nick-collison-1","142","3890"
"80","erik-daniels-1","127","2603"
"81",NA,NA,NA
"82","luol-deng-1","37","1150"
"83","chris-duhon-1","144","4809"
"84","corsley-edwards-1","123","3394"
"85","john-edwards-1","128","1932"
"86","andre-emmett-1","128","4134"
"87","luis-flores-1","119","3653"
"88","matt-freije-1","121","3472"
"89","ben-gordon-1","106","3286"
"90","devin-harris-1","96","3360"
"91","david-harrison-1","88","2481"
"92",NA,NA,NA
"93","kris-humphries-1","29","988"
"94","andre-iguodala-1","62","1574"
"95","royal-ivey-1","133","3285"
"96","luke-jackson-1","126","3666"
"97",NA,NA,NA
"98",NA,NA,NA
"99","mark-jones-1","112","3976"
"100",NA,NA,NA
"101",NA,NA,NA
"102","brandin-knight-1","127","4305"
"103",NA,NA,NA
"104",NA,NA,NA
"105","kevin-martin-1","79","2512"
"106","jameer-nelson-1","125","4312"
"107","emeka-okafor-1","103","3275"
"108",NA,NA,NA
"109","justin-reed-1","122","3501"
"110","jared-reiner-1","109","1994"
"111","bernard-robinson-1","120","3672"
"112","quinton-ross-1","119","3617"
"113",NA,NA,NA
"114",NA,NA,NA
"115",NA,NA,NA
"116","josh-smith-1","4","30"
"117","kirk-snyder-1","84","2587"
"118","pape-sow-1","72","2332"
"119","awvee-storey-1","102","2346"
"120",NA,NA,NA
"121",NA,NA,NA
"122",NA,NA,NA
"123","billy-thomas-1","137","2370"
"124","james-thomas-1","134","2894"
"125",NA,NA,NA
"126",NA,NA,NA
"127","jackson-vroman-1","63","1927"
"128",NA,NA,NA
"129","delonte-west-1","89","2385"
"130","damien-wilkins-1","117","3556"
"131",NA,NA,NA
"132","alex-acker-1","88","3027"
"133","alan-anderson-1","126","3376"
"134",NA,NA,NA
"135","earl-barron-1","128","2534"
"136","eddie-basden-1","118","3209"
"137","brandon-bass-1","59","2017"
"138",NA,NA,NA
"139",NA,NA,NA
"140","andrew-bogut-1","68","2223"
"141","kevin-burleson-1","123","3321"
"142",NA,NA,NA
"143","will-bynum-1","101","2201"
"144",NA,NA,NA
"145","travis-diener-1","120","3768"
"146","ike-diogu-1","91","3194"
"147",NA,NA,NA
"148","daniel-ewing-1","138","3822"
"149","noel-felix-1","128","2214"
"150","raymond-felton-1","101","3423"
"151","gerald-fitch-1","127","3340"
"152","sharrod-ford-1","118","2820"
"153","channing-frye-1","133","3684"
"154","deng-gai-1","100","2950"
"155","ryan-gomes-1","116","4071"
"156","joey-graham-1","128","3340"
"157","stephen-graham-1","119","1856"
"158","danny-granger-1","95","2698"
"159","devin-green-1","123","3837"
"160",NA,NA,NA
"161","orien-greene-1","104","2568"
"162","anthony-grundy-1","121","3557"
"163","chuck-hayes-1","134","3510"
"164","luther-head-1","128","3251"
"165","julius-hodge-1","129","4257"
"166","randy-holcomb-1","93","2352"
"167","jarrett-jack-1","101","3262"
"168","sarunas-jasikevicius-1","120","1860"
"169","amir-johnson-1","120","4140"
"170","dwayne-jones-1","98","2753"
"171","linas-kleiza-1","49","1406"
"172",NA,NA,NA
"173","david-lee-1","127","3175"
"174",NA,NA,NA
"175","rawle-marshall-1","103","3265"
"176","jason-maxiell-1","129","3560"
"177","sean-may-1","77","2140"
"178","rashad-mccants-1","98","2861"
"179","aaron-miles-1","138","4291"
"180",NA,NA,NA
"181",NA,NA,NA
"182",NA,NA,NA
"183","andre-owens-1","117","3533"
"184","chris-paul-1","63","2110"
"185",NA,NA,NA
"186","josh-powell-1","65","1501"
"187","ronnie-price-1","114","3556"
"188","shavlik-randolph-1","92","1610"
"189","anthony-roberson-1","93","2734"
"190","lawrence-roberts-1","118","3705"
"191","nate-robinson-1","89","2509"
"192","melvin-sanders-1","94","2679"
"193","alex-scales-1","62","1909"
"194","luke-schenscher-1","118","2631"
"195","wayne-simien-1","106","2819"
"196","james-singleton-1","60","1884"
"197","salim-stoudamire-1","129","3844"
"198","chris-taft-1","65","1690"
"199","donell-taylor-1","65","1508"
"200","dijon-thompson-1","117","3252"
"201","ronny-turiaf-1","127","3238"
"202","charlie-villanueva-1","63","1404"
"203","von-wafer-1","61","1317"
"204","matt-walsh-1","92","2824"
"205","hakim-warrick-1","135","4185"
"206",NA,NA,NA
"207","robert-whaley-1","22","286"
"208","deron-williams-1","101","3201"
"209","marvin-williams-1","36","799"
"210","antoine-wright-1","87","2792"
"211","bracey-wright-1","85","3034"
"212","derrick-zimmerman-1","127","3302"
"213","hassan-adams-1","130","3614"
"214","maurice-ager-1","124","3174"
"215","lamarcus-aldridge-1","53","1600"
"216","hilton-armstrong-1","131","1978"
"217","james-augustine-1","137","3712"
"218","kelenna-azubuike-1","97","2172"
"219","renaldo-balkman-1","104","2194"
"220",NA,NA,NA
"221","will-blalock-1","93","3189"
"222","josh-boone-1","103","2667"
"223","cedric-bozeman-1","106","2946"
"224","ronnie-brewer-1","90","2970"
"225","andre-brown-1","107","3103"
"226","dee-brown-1","108","3132"
"227","shannon-brown-1","97","2716"
"228","rodney-carney-1","133","3670"
"229","mardy-collins-1","125","4687"
"230","will-conroy-1","121","3025"
"231","paul-davis-1","130","3354"
"232","yakhouba-diawara-1","45","1462"
"233","quincy-douby-1","95","3049"
"234","jordan-farmar-1","66","2125"
"235","desmon-farmer-1","121","3267"
"236","randy-foye-1","131","4100"
"237",NA,NA,NA
"238","rudy-gay-1","64","1907"
"239",NA,NA,NA
"240","daniel-gibson-1","68","2244"
"241",NA,NA,NA
"242","lynn-greer-1","137","4699"
"243","mike-hall-1","117","3732"
"244",NA,NA,NA
"245","robert-hite-1","121","3569"
"246","ryan-hollins-1","113","2282"
"247",NA,NA,NA
"248",NA,NA,NA
"249","alexander-johnson-1","92","1932"
"250","bobby-jones-1","92",NA
"251","solomon-jones-1","59","1840"
"252","tarence-kinsey-1","123","3062"
"253",NA,NA,NA
"254","kyle-lowry-1","57","1521"
"255","renaldo-major-1","41","984"
"256",NA,NA,NA
"257","chris-mccray-1","103","2626"
"258","ivan-mcfarlin-1","132","3880"
"259","pops-mensah-bonsu-1","112","2665"
"260","paul-millsap-1","92","3238"
"261","randolph-morris-1","89","2118"
"262","adam-morrison-1","95","2907"
"263","david-noel-1","127","2946"
"264","steve-novak-1","126","3402"
"265",NA,NA,NA
"266","kevinn-pinkney-1","110","2596"
"267","leon-powe-1","54","1755"
"268","roger-powell-1","128","2547"
"269","chris-quinn-1","123","3813"
"270","allan-ray-1","130","4017"
"271",NA,NA,NA
"272",NA,NA,NA
"273","rajon-rondo-1","68","1910"
"274","brandon-roy-1","103","2832"
"275",NA,NA,NA
"276",NA,NA,NA
"277","cedric-simmons-1","63","1190"
"278",NA,NA,NA
"279","craig-smith-1","130","4420"
"280","steven-smith-1","107","3841"
"281",NA,NA,NA
"282","tyrus-thomas-1","32","828"
"283",NA,NA,NA
"284","james-white-1","123","3333"
"285","justin-williams-1","58","1560"
"286","marcus-williams-1","70","1953"
"287","shawne-williams-1","36","1000"
"288","shelden-williams-1","139","3905"
"289","arron-afflalo-1","104","3400"
"290","blake-ahearn-1","129","3418"
"291","lance-allred-1","95","1966"
"292","morris-almond-1","121","3279"
"293","joel-anthony-1","68","1094"
"294",NA,NA,NA
"295","corey-brewer-1","108","2937"
"296","aaron-brooks-1","115","3760"
"297","wilson-chandler-1","59","1834"
"298","mike-conley-1","39","1232"
"299","daequan-cook-1","39","768"
"300","javaris-crittenton-1","32","1001"
"301","jermareo-davidson-1","126","3616"
"302","glen-davis-1","95","3040"
"303","jared-dudley-1","130","4732"
"304","kevin-durant-1","35","1256"
"305","nick-fazekas-1","131","3943"
"306",NA,NA,NA
"307","thomas-gardner-1","89","2438"
"308",NA,NA,NA
"309","aaron-gray-1","113","2361"
"310","jeff-green-1","102","3386"
"311","taurean-green-1","111","3241"
"312","mike-harris-1","121","3472"
"313","spencer-hawes-1","31","895"
"314","al-horford-1","109","2801"
"315","coby-karl-1","127","3771"
"316","carl-landry-1","64","1913"
"317","keith-langford-1","136","3930"
"318","stephane-lasme-1","118","2855"
"319","acie-law-1","122","3757"
"320",NA,NA,NA
"321","dominic-mcguire-1","86","2150"
"322","josh-mcroberts-1","69","2049"
"323",NA,NA,NA
"324","demetris-nichols-1","123","3173"
"325","joakim-noah-1","108","2278"
"326",NA,NA,NA
"327",NA,NA,NA
"328","kasib-powell-1","67","2391"
"329","gabe-pruitt-1","80","2592"
"330","chris-richard-1","141","2199"
"331",NA,NA,NA
"332",NA,NA,NA
"333","ramon-sessions-1","97","2832"
"334","courtney-sims-1","133","3085"
"335","jason-smith-1","87","2427"
"336","rodney-stuckey-1","59","1952"
"337","al-thornton-1","124","2728"
"338","alando-tucker-1","134","4301"
"339","darius-washington-1","73","2263"
"340","darryl-watkins-1","106","2448"
"341","mario-west-1","103","1431"
"342","sean-williams-1","69","1414"
"343","brandan-wright-1","37","1013"
"344","julian-wright-1","71","1711"
"345","nick-young-1","96","2985"
"346","thaddeus-young-1","31","917"
"347",NA,NA,NA
"348","joe-alexander-1","82","2074"
"349","ryan-anderson-1","66","2178"
"350","darrell-arthur-1","78","1708"
"351",NA,NA,NA
"352",NA,NA,NA
"353","jerryd-bayless-1","30","1071"
"354","michael-beasley-1","33","1039"
"355","bobby-brown-1","116","3967"
"356","mario-chalmers-1","110","3135"
"357","joe-crawford-1","127","3213"
"358","joey-dorsey-1","149","3233"
"359","chris-douglas-roberts-1","109","2844"
"360",NA,NA,NA
"361",NA,NA,NA
"362",NA,NA,NA
"363",NA,NA,NA
"364",NA,NA,NA
"365","eric-gordon-1","32","1110"
"366",NA,NA,NA
"367","malik-hairston-1","117","3650"
"368","roy-hibbert-1","136","3168"
"369",NA,NA,NA
"370","george-hill-1","95","3163"
"371","steven-hill-1","132","2574"
"372","othello-hunter-1","76","1687"
"373","darnell-jackson-1","125","2075"
"374",NA,NA,NA
"375","dontell-jefferson-1","62","1227"
"376","trey-johnson-1","96","3273"
"377","deandre-jordan-1","35","703"
"378","kosta-koufos-1","37","1002"
"379","rob-kurz-1","108","2516"
"380","courtney-lee-1","127","3962"
"381","brook-lopez-1","53","1484"
"382","robin-lopez-1","67","1628"
"383","kevin-love-1","39","1154"
"384","cartier-martin-1","112","3091"
"385",NA,NA,NA
"386","javale-mcgee-1","66","1234"
"387","anthony-morrow-1","123","2902"
"388","demarcus-nelson-1","124","3248"
"389","greg-oden-1","32","924"
"390","anthony-randolph-1","31","1016"
"391","derrick-rose-1","40","1168"
"392","brandon-rush-1","109","3411"
"393","walter-sharpe-1","40","612"
"394","sean-singletary-1","123","4034"
"395","marreese-speights-1","69","1062"
"396","mike-taylor-1","31","1085"
"397","jason-thompson-1","122","3916"
"398","anthony-tolliver-1","124","2666"
"399","kyle-weaver-1","121","3605"
"400","sonny-weems-1","69","2152"
"401","russell-westbrook-1","75","1642"
"402","jawad-williams-1","128","3456"
"403",NA,NA,NA
"404",NA,NA,NA
"405","antonio-anderson-1","150","4470"
"406",NA,NA,NA
"407","dejuan-blair-1","72","1915"
"408","jon-brockman-1","131","3759"
"409","derrick-brown-1","106","2650"
"410","chase-budinger-1","100","3540"
"411","demarre-carroll-1","134","3283"
"412",NA,NA,NA
"413","earl-clark-1","104","2776"
"414","darren-collison-1","142","4146"
"415","dante-cunningham-1","139","3780"
"416","jameson-curry-1","101","3232"
"417","stephen-curry-1","104","3390"
"418","austin-daye-1","67","1507"
"419","demar-derozan-1","35","1169"
"420","toney-douglas-1","130","4446"
"421","wayne-ellington-1","115","3277"
"422","tyreke-evans-1","37","1073"
"423","jonny-flynn-1","73","2664"
"424","sundiata-gaines-1","123","3899"
"425","alonzo-gee-1","128","3660"
"426","taj-gibson-1","105","3433"
"427","trey-gilder-1","62","1364"
"428","danny-green-1","145","2885"
"429","taylor-griffin-1","129","2876"
"430","tyler-hansbrough-1","142","4387"
"431","james-harden-1","69","2415"
"432","gerald-henderson-1","103","3388"
"433","jordan-hill-1","97","2619"
"434","jrue-holiday-1","35","948"
"435","lester-hudson-1","65","2372"
"436","chris-hunter-1","105","1931"
"437",NA,NA,NA
"438","cedric-jackson-1","125","3600"
"439","othyus-jeffers-1","63","2053"
"440","brandon-jennings-1","52","780"
"441",NA,NA,NA
"442","james-johnson-1","127","4279"
"443","oliver-lafayette-1","64","2201"
"444","marcus-landry-1","121","3025"
"445","ty-lawson-1","105","2835"
"446","wesley-matthews-1","127","3835"
"447","eric-maynor-1","130","3991"
"448","jodie-meeks-1","81","2243"
"449",NA,NA,NA
"450",NA,NA,NA
"451","dajuan-summers-1","101","2787"
"452","jermaine-taylor-1","122","3147"
"453","jeff-teague-1","61","1884"
"454","garrett-temple-1","134","4435"
"455","hasheem-thabeet-1","100","2930"
"456","marcus-thornton-1","66","2158"
"457","reggie-williams-1","138","4029"
"458","terrence-williams-1","140","4508"
"459","sam-young-1","143","3646"
"460","jeff-adrien-1","133","3923"
"461","solomon-alabi-1","77","1694"
"462","cole-aldrich-1","111","2331"
"463","al-farouq-aminu-1","62","1866"
"464","james-anderson-1","87","548"
"465",NA,NA,NA
"466","luke-babbitt-1","68","2373"
"467","eric-bledsoe-1","37","1121"
"468","trevor-booker-1","134","3805"
"469","craig-brackins-1","96","3052"
"470","avery-bradley-1","34","1003"
"471","derrick-caracter-1","79","1556"
"472","sherron-collins-1","143","4075"
"473","marcus-cousin-1","106","1833"
"474","demarcus-cousins-1","38","893"
"475","jordan-crawford-1","65","1904"
"476","ed-davis-1","61","1354"
"477","zabian-dowdell-1","122","4148"
"478","devin-ebanks-1","69","2214"
"479",NA,NA,NA
"480","jeremy-evans-1","134","3149"
"481",NA,NA,NA
"482","derrick-favors-1","36","990"
"483","landry-fields-1","129","3044"
"484","gary-forbes-1","129","3521"
"485","paul-george-1","63","2135"
"486","blake-griffin-1","68","2101"
"487","luke-harangody-1","129","3766"
"488","manny-harris-1","98","3332"
"489","gordon-hayward-1","69","2283"
"490","lazar-hayward-1","138","3643"
"491","xavier-henry-1","36","990"
"492","damion-james-1","142","4160"
"493","armon-johnson-1","101","3302"
"494","chris-johnson-1","138","3436"
"495","wesley-johnson-1","52","457"
"496","dominique-jones-1","95","3467"
"497","gani-lawal-1","99","2405"
"498","jeremy-lin-1","115","3358"
"499","greg-monroe-1","65","2119"
"500",NA,NA,NA
"501",NA,NA,NA
"502","gary-neal-1","106","3614"
"503","larry-owens-1","66","1914"
"504","patrick-patterson-1","97","3298"
"505",NA,NA,NA
"506","dexter-pittman-1","134","1634"
"507","quincy-pondexter-1","136","3712"
"508","andy-rautins-1","127","3098"
"509","samardo-samuels-1","70","1897"
"510","larry-sanders-1","101","2373"
"511",NA,NA,NA
"512","mustafa-shakur-1","131","4061"
"513",NA,NA,NA
"514",NA,NA,NA
"515",NA,NA,NA
"516","lance-stephenson-1","34","958"
"517",NA,NA,NA
"518","evan-turner-1","101","3312"
"519","ekpe-udoh-1","103","2801"
"520","ben-uzoh-1","141","4554"
"521","greivis-vasquez-1","136","4569"
"522","john-wall-1","37","1287"
"523","willie-warren-1","57","1806"
"524","hassan-whiteside-1","34","887"
"525","lavoy-allen-1","135","4347"
"526",NA,NA,NA
"527","keith-benson-1","135","3618"
"528",NA,NA,NA
"529","marshon-brooks-1","113","2858"
"530","alec-burks-1","68","2101"
"531","jimmy-butler-1","106","3137"
"532","derrick-byars-1","126","3313"
"533","norris-cole-1","140","4116"
"534",NA,NA,NA
"535","justin-dentmon-1","133","3630"
"536","jerome-dyson-1","113","3435"
"537","kenneth-faried-1","136","3957"
"538","jeff-foote-1","87","2305"
"539","courtney-fortson-1","47","1551"
"540","jimmer-fredette-1","139","4114"
"541","mickell-gladness-1","85","2278"
"542","andrew-goudelock-1","140","4592"
"543","jordan-hamilton-1","93","1376"
"544","justin-harper-1","137","3137"
"545","josh-harrellson-1","94","1485"
"546","terrel-harris-1","134","3537"
"547","tobias-harris-1","34","992"
"548","cory-higgins-1","132","4474"
"549","darington-hobson-1","35","1176"
"550","tyler-honeycutt-1","59","1870"
"551","dennis-horner-1","128","2598"
"552","kyrie-irving-1","11","302"
"553","reggie-jackson-1","99","2772"
"554","charles-jenkins-1","128","4595"
"555","carldell-johnson-1","96","2755"
"556","ivan-johnson-1","28","450"
"557","jajuan-johnson-1","140","3850"
"558","jerome-jordan-1","133","3218"
"559","cory-joseph-1","36","1166"
"560",NA,NA,NA
"561",NA,NA,NA
"562","brandon-knight-1","38","1364"
"563","malcolm-lee-1","94","2509"
"564","kawhi-leonard-1","70","2233"
"565","travis-leslie-1","90","2349"
"566","jon-leuer-1","123","2804"
"567","deandre-liggins-1","100","2190"
"568","shelvin-mack-1","108","3369"
"569","vernon-macklin-1","136","2502"
"570",NA,NA,NA
"571","darius-morris-1","67","1996"
"572","marcus-morris-1","109","2616"
"573","markieff-morris-1","109","2103"
"574","daniel-orton-1","38","501"
"575","jeremy-pargo-1","134","3845"
"576","chandler-parsons-1","142","3961"
"577","ryan-reid-1","126","2545"
"578",NA,NA,NA
"579","walker-russell-1","54","1258"
"580","josh-selby-1","26","530"
"581","iman-shumpert-1","92","2879"
"582","xavier-silas-1","99","3029"
"583","chris-singleton-1","95","2764"
"584","donald-sloan-1","138","3864"
"585","greg-smith-1","49","529"
"586","jerry-smith-1","138","3270"
"587","nolan-smith-1","143","3846"
"588","greg-stiemsma-1","95","950"
"589","julyan-stone-1","138","4264"
"590","isaiah-thomas-1","105","3192"
"591","lance-thomas-1","140","2758"
"592","malcolm-thomas-1","39","1033"
"593","trey-thompkins-1","89","2625"
"594","klay-thompson-1","98","3371"
"595","mychel-thompson-1","128","3724"
"596","tristan-thompson-1","128","3264"
"597",NA,NA,NA
"598","edwin-ubiles-1","131","4126"
"599",NA,NA,NA
"600","nikola-vucevic-1","87","2409"
"601","kemba-walker-1","111","3651"
"602","derrick-williams-1","27",NA
"603","elliot-williams-1","68","1693"
"604","jordan-williams-1","66","1887"
"605","chris-wright-1","123","3321"
"606","quincy-acy-1","139","3488"
"607","josh-akognon-1","119","3129"
"608","harrison-barnes-1","75","2197"
"609","will-barton-1","70","2303"
"610","aron-baynes-1","122","2684"
"611","kent-bazemore-1","140","3682"
"612","bradley-beal-1","37","1265"
"613","patrick-beverley-1","70","2387"
"614",NA,NA,NA
"615","chris-copeland-1","113","1921"
"616","jae-crowder-1","72","2174"
"617","jared-cunningham-1","33","488"
"618","anthony-davis-1","124","3732"
"619","andre-drummond-1","34","965"
"620","kim-english-1","141","3412"
"621","festus-ezeli-1","121","2165"
"622",NA,NA,NA
"623",NA,NA,NA
"624","diante-garrett-1","128","3955"
"625","draymond-green-1","145","3625"
"626","ben-hansbrough-1","134","4274"
"627","maurice-harkless-1","32","1155"
"628","john-henson-1","109","2594"
"629","justin-holiday-1","123","2410"
"630",NA,NA,NA
"631","john-jenkins-1","98","2998"
"632","orlando-johnson-1","124","3881"
"633","darius-johnson-odom-1","105","3234"
"634","dequan-jones-1","111","1609"
"635","kevin-jones-1","9","9"
"636","perry-jones-1","63","2028"
"637","terrence-jones-1","76","2310"
"638","kris-joseph-1","140","3724"
"639","michael-kidd-gilchrist-1","40","1244"
"640",NA,NA,NA
"641","doron-lamb-1","78","2324"
"642","jeremy-lamb-1","75","2407"
"643","meyers-leonard-1","65","1287"
"644","damian-lillard-1","104","3359"
"645","scott-machado-1","132","4144"
"646","kendall-marshall-1","73","2102"
"647","fab-melo-1","63","1089"
"648","khris-middleton-1","87","2262"
"649","darius-miller-1","152","3784"
"650","quincy-miller-1","37","902"
"651",NA,NA,NA
"652","arnett-moultrie-1","100","3020"
"653","kevin-murphy-1","128","3712"
"654","andrew-nicholson-1","123","3677"
"655",NA,NA,NA
"656",NA,NA,NA
"657","miles-plumlee-1","135","2133"
"658",NA,NA,NA
"659","austin-rivers-1","34","1128"
"660","brian-roberts-1","125","3900"
"661",NA,NA,NA
"662","terrence-ross-1","69","1683"
"663","robert-sacre-1","136","2951"
"664","mike-scott-1","55","1259"
"665",NA,NA,NA
"666",NA,NA,NA
"667","henry-sims-1","121","1827"
"668","kyle-singler-1","148","4884"
"669","jared-sullinger-1","74","2294"
"670","tyshawn-taylor-1","146","4044"
"671","marquis-teague-1","40","1304"
"672",NA,NA,NA
"673",NA,NA,NA
"674","jarvis-varnado-1","141","3595"
"675","dion-waiters-1","71","1448"
"676","maalik-wayns-1","95","2460"
"677","tony-wroten-1","35","1060"
"678","luke-zeller-1","128","1689"
"679","tyler-zeller-1","117","2691"
"680","steven-adams-1","32","748"
"681",NA,NA,NA
"682",NA,NA,NA
"683","chris-babb-1","130","3445"
"684","anthony-bennett-1","35","948"
"685","vander-blue-1","106","2724"
"686","lorenzo-brown-1","101","3292"
"687","reggie-bullock-1","46",NA
"688","trey-burke-1","73","2606"
"689","dwight-buycks-1","68","1768"
"690","nick-calathes-1","72","2376"
"691","kentavious-caldwell-pope-1","64","2112"
"692","isaiah-canaan-1","132","3880"
"693","michael-carter-williams-1","66","1676"
"694","dionte-christmas-1","130","3848"
"695","ian-clark-1","133","3817"
"696","robert-covington-1","118","3540"
"697","allen-crabbe-1","98","3400"
"698","seth-curry-1","141","4356"
"699","troy-daniels-1","125","2112"
"700","brandon-davies-1","135","3253"
"701","dewayne-dedmon-1","51","1157"
"702","matthew-dellavedova-1","136","4950"
"703","gorgui-dieng-1","102","2784"
"704","shane-edwards-1","62","1413"
"705","carrick-felix-1","94","2622"
"706","jamaal-franklin-1","85","2201"
"707",NA,NA,NA
"708","archie-goodwin-1","33","1049"
"709","jorge-gutierrez-1","129","3431"
"710","justin-hamilton-1","113","3525"
"711","elias-harris-1","135","3780"
"712","solomon-hill-1","139","4031"
"713","scotty-hopson-1","103","2760"
"714","robbie-hummel-1","127","3835"
"715",NA,NA,NA
"716","ryan-kelly-1","41","668"
"717",NA,NA,NA
"718","shane-larkin-1","68","2128"
"719",NA,NA,NA
"720","alex-len-1","60","1470"
"721","ray-mccallum-1","115","4163"
"722","cj-mccollum-1","111","3651"
"723","ben-mclemore-1","37","1191"
"724","gal-mekel-1","62","1357"
"725","tony-mitchell-1","70",NA
"726","shabazz-muhammad-1","32","985"
"727","erik-murphy-1","136","2488"
"728","mike-muscala-1","133","3817"
"729",NA,NA,NA
"730","james-nunnally-1","123","3616"
"731","victor-oladipo-1","104","2558"
"732","kelly-olynyk-1","101","1737"
"733","arinze-onuaku-1","134","3055"
"734","mason-plumlee-1","141","3651"
"735","otto-porter-1","64","2080"
"736","phil-pressey-1","99","2940"
"737",NA,NA,NA
"738","glen-rice-1","134","3993"
"739","andre-roberson-1","105","2971"
"740",NA,NA,NA
"741","peyton-siva-1","144","3772"
"742","chris-smith-1","127","4267"
"743","tony-snell-1","104","2579"
"744","james-southerland-1","112","2094"
"745","adonis-thomas-1","55","1512"
"746","hollis-thompson-1","99","2435"
"747","casper-ware-1","131","4323"
"748","royce-white-1","34","1071"
"749","jeff-withey-1","117","2316"
"750","nate-wolters-1","127","4203"
"751","cody-zeller-1","72","2088"
"752","jordan-adams-1","69","2083"
"753",NA,NA,NA
"754",NA,NA,NA
"755","cameron-bairstow-1","134","2787"
"756","jerrelle-benimon-1","128","3097"
"757","sim-bhullar-1","65","1644"
"758","tarik-black-1","135","2794"
"759",NA,NA,NA
"760","jabari-brown-1","62","2163"
"761","markel-brown-1","134","4087"
"762",NA,NA,NA
"763",NA,NA,NA
"764","will-cherry-1","116","3561"
"765","patrick-christopher-1","134","4127"
"766","jordan-clarkson-1","93","2948"
"767","jack-cooley-1","123","2435"
"768","bryce-cotton-1","130","4316"
"769","andre-dawkins-1","142","2470"
"770","spencer-dinwiddie-1","86","2588"
"771",NA,NA,NA
"772","larry-drew-1","117","4153"
"773","cleanthony-early-1","75","1965"
"774","james-ennis-1","67","2077"
"775","tyler-ennis-1","34","1213"
"776",NA,NA,NA
"777","tim-frazier-1","135","4131"
"778","langston-galloway-1","133","4721"
"779","aaron-gordon-1","38","1185"
"780","drew-gordon-1","101","2323"
"781","jerami-grant-1","72","1576"
"782","erick-green-1","129","3650"
"783","jamychal-green-1","123","3345"
"784","gary-harris-1","69","2139"
"785","joe-harris-1","15","151"
"786","rodney-hood-1","67","2197"
"787",NA,NA,NA
"788","cory-jefferson-1","130","2587"
"789","grant-jerrett-1","34","605"
"790","nick-johnson-1","108","3337"
"791","tyler-johnson-1","5",NA
"792","sean-kilpatrick-1","140","4312"
"793","alex-kirk-1","4","4"
"794",NA,NA,NA
"795","zach-lavine-1","37","902"
"796","kalin-lucas-1","141","4272"
"797",NA,NA,NA
"798","doug-mcdermott-1","145","4567"
"799","mitch-mcgary-1","47","968"
"800","jerel-mcneal-1","130","4017"
"801","elijah-millsap-1","87","2357"
"802",NA,NA,NA
"803","eric-moreland-1","89","2225"
"804","shabazz-napier-1","143","4618"
"805","nerlens-noel-1","24","765"
"806",NA,NA,NA
"807",NA,NA,NA
"808",NA,NA,NA
"809",NA,NA,NA
"810","jabari-parker-1","35","1074"
"811","adreian-payne-1","138","2760"
"812","elfrid-payton-1","100","3160"
"813","dwight-powell-1","136","3563"
"814","julius-randle-1","40","1232"
"815","glenn-robinson-1","62","2176"
"816",NA,NA,NA
"817","jakarr-sampson-1","66","1999"
"818","marcus-smart-1","64","2118"
"819","russ-smith-1","133","3231"
"820","nik-stauskas-1","75","2467"
"821","david-stockton-1","138","2746"
"822","jarnell-stokes-1","87","2583"
"823","noah-vonleh-1","30","795"
"824","david-wear-1","130","2834"
"825","travis-wear-1","128","2841"
"826","shayne-whittington-1","114","2576"
"827","andrew-wiggins-1","35","1148"
"828","james-young-1","40","1296"
"829","cliff-alexander-1","28","492"
"830","justin-anderson-1","98","2361"
"831",NA,NA,NA
"832","keith-appling-1","142","4231"
"833",NA,NA,NA
"834","devin-booker-1","128","3084"
"835","anthony-brown-1","47","615"
"836","willie-cauley-stein-1","105","2572"
"837","rakeem-christmas-1","142","3124"
"838","coty-clarke-1","65","1384"
"839","pat-connaughton-1","139","4489"
"840","branden-dawson-1","130","3458"
"841",NA,NA,NA
"842","sam-dekker-1","113","3152"
"843","duje-dukan-1","97","970"
"844","jarell-eddie-1","123","3173"
"845","jerian-grant-1","119","4331"
"846","montrezl-harrell-1","112","2956"
"847","aaron-harrison-1","79","2306"
"848",NA,NA,NA
"849","darrun-hilliard-1","132","3537"
"850","rondae-hollis-jefferson-1","76","2052"
"851","richaun-holmes-1","95","2517"
"852",NA,NA,NA
"853","josh-huestis-1","135","3375"
"854",NA,NA,NA
"855","stanley-johnson-1","38","1079"
"856",NA,NA,NA
"857","tyus-jones-1","39","1322"
"858","frank-kaminsky-1","144","2937"
"859","sasha-kaun-1","135","2227"
"860","kevon-looney-1","36","1112"
"861","trey-lyles-1","36","828"
"862",NA,NA,NA
"863","jarell-martin-1","65","1995"
"864",NA,NA,NA
"865","chris-mccullough-1","16","449"
"866","jordan-mcrae-1","114","3089"
"867",NA,NA,NA
"868","jordan-mickey-1","65","2197"
"869",NA,NA,NA
"870",NA,NA,NA
"871","xavier-munford-1","61","2165"
"872",NA,NA,NA
"873","jahlil-okafor-1","38","1143"
"874","lamar-patterson-1","149","3620"
"875","cameron-payne-1","69","2235"
"876",NA,NA,NA
"877","bobby-portis-1","70","1995"
"878",NA,NA,NA
"879","norman-powell-1","141","3553"
"880","willie-reed-1","67","1654"
"881","josh-richardson-1","28",NA
"882","terry-rozier-1","73","1956"
"883",NA,NA,NA
"884","jonathon-simmons-1","30","903"
"885","alex-stepheson-1","137","2616"
"886",NA,NA,NA
"887","karl-anthony-towns-1","39","822"
"888","myles-turner-1","34","754"
"889","rashad-vaughn-1","23","742"
"890","briante-weber-1","127","2959"
"891","alan-williams-1","29","58"
"892","justise-winslow-1","39","1134"
"893","christian-wood-1","63","1467"
"894","delon-wright-1","68","2366"
"895","joe-young-1","29","391"
"896",NA,NA,NA
"897","ron-baker-1","124","3794"
"898","wade-baldwin-1","68","2012"
"899","malik-beasley-1","34","1013"
"900",NA,NA,NA
"901",NA,NA,NA
"902","ben-bentil-1","69","1925"
"903",NA,NA,NA
"904","joel-bolomboy-1","130","3744"
"905","malcolm-brogdon-1","136","4161"
"906","jaylen-brown-1","34","938"
"907",NA,NA,NA
"908","marquese-chriss-1","34","846"
"909","semaj-christon-1","64","2227"
"910","quinn-cook-1","143","4032"
"911","deyonta-davis-1","35","651"
"912","malcolm-delaney-1","136","4692"
"913","cheick-diallo-1","27","202"
"914","kris-dunn-1","95","2992"
"915","henry-ellenson-1","33","1105"
"916","joel-embiid-1","28","646"
"917",NA,NA,NA
"918",NA,NA,NA
"919","dorian-finney-smith-1","134","3832"
"920","bryn-forbes-1","138","4015"
"921","patricio-garino-1","129","3882"
"922","michael-gbinije-1","120","3060"
"923","marcus-georges-hunt-1","130","4017"
"924","jonathan-gibson-1","131","3209"
"925","treveon-graham-1","140","3556"
"926","andrew-harrison-1","79","2259"
"927",NA,NA,NA
"928",NA,NA,NA
"929","buddy-hield-1","132","4184"
"930","danuel-house-1","119","3581"
"931","brandon-ingram-1","36","1245"
"932","demetrius-jackson-1","57","1658"
"933","pierre-jackson-1","74","2427"
"934","brice-johnson-1","148","3108"
"935","damian-jones-1","99","2682"
"936",NA,NA,NA
"937","skal-labissiere-1","36","568"
"938","jake-layman-1","141","3933"
"939","caris-levert-1","103","2719"
"940","shawn-long-1","135","4023"
"941",NA,NA,NA
"942",NA,NA,NA
"943","patrick-mccaw-1","65","2060"
"944","rodney-mcgruder-1","135","3699"
"945","dejounte-murray-1","34","1139"
"946","jamal-murray-1","36","1267"
"947","maurice-ndour-1","66","2131"
"948","georges-niang-1","138","4112"
"949","david-nwaba-1","88","2288"
"950","daniel-ochefu-1","141","3059"
"951","chinanu-onuaku-1","66","1386"
"952",NA,NA,NA
"953","marshall-plumlee-1","124","1773"
"954","alex-poythress-1","112","2475"
"955","tim-quarterman-1","99","2465"
"956","chasson-randle-1","144","4795"
"957","malachi-richardson-1","37","1272"
"958","domantas-sabonis-1","74","1968"
"959",NA,NA,NA
"960",NA,NA,NA
"961","wayne-selden-1","109","3215"
"962","pascal-siakam-1","68","2223"
"963","diamond-stone-1","35","808"
"964","isaiah-taylor-1","92","2833"
"965","mike-tobey-1","138","2249"
"966","tyler-ulis-1","72","2167"
"967","jarrod-uthoff-1","100","2650"
"968","denzel-valentine-1","144","4176"
"969",NA,NA,NA
"970","okaro-white-1","139","3419"
"971","isaiah-whitehead-1","56","1708"
"972","troy-williams-1","37",NA
"973","kyle-wiltjer-1","147","3498"
"974",NA,NA,NA
"975",NA,NA,NA
"976",NA,NA,NA
"977",NA,NA,NA
"978","jarrett-allen-1","33","1062"
"979","kadeem-allen-1","68","1870"
"980","ike-anigbogu-1","29","377"
"981","og-anunoby-1","50","869"
"982","ryan-arcidiacono-1","144","4593"
"983","jamel-artis-1","135","3726"
"984","dwayne-bacon-1","69","1987"
"985","lonzo-ball-1","36","1263"
"986","jordan-bell-1","105","2593"
"987","khem-birch-1","69","1752"
"988","jabari-bird-1","114","3009"
"989","antonio-blakeney-1","64","2035"
"990",NA,NA,NA
"991","chris-boucher-1","69","1711"
"992","tony-bradley-1","38","554"
"993","dillon-brooks-1","109","3150"
"994","sterling-brown-1","32","156"
"995","thomas-bryant-1","69","1745"
"996","alex-caruso-1","137","3931"
"997","tyler-cavanaugh-1","137","3507"
"998","gian-clavell-1","70","2170"
"999","antonius-cleveland-1","121","3484"
"1000","john-collins-1","64","1324"
"1001","zach-collins-1","39","674"
"1002","kyle-collinsworth-1","140","4326"
"1003","charles-cooke-1","123","3726"
"1004","matt-costello-1","138","2277"
"1005","torrey-craig-1","131","4061"
"1006","tyler-dorsey-1","75","2250"
"1007","damyean-dotson-1","134","3899"
"1008","milton-doyle-1","121","3678"
"1009","pj-dozier-1","70","1680"
"1010","jawun-evans-1","54","1571"
"1011",NA,NA,NA
"1012",NA,NA,NA
"1013","markelle-fultz-1","25","892"
"1014","josh-gray-1","94","2096"
"1015","daniel-hamilton-1","71","2243"
"1016","shaquille-harrison-1","133","4016"
"1017","josh-hart-1","146","4088"
"1018","nigel-hayes-1","150","4440"
"1019","reggie-hearn-1","95","1919"
"1020","myke-henry-1","120","2340"
"1021","isaiah-hicks-1","151","2446"
"1022","john-holland-1","129","4192"
"1023","andre-ingram-1","118","3917"
"1024","jonathan-isaac-1","32","838"
"1025","aaron-jackson-1","120","3792"
"1026","josh-jackson-1","114","2154"
"1027","justin-jackson-1","6","7"
"1028","mike-james-1","111","2863"
"1029","dakari-johnson-1","78","1185"
"1030","omari-johnson-1","120","2496"
"1031","jalen-jones-1","128","3520"
"1032","luke-kennard-1","73","2277"
"1033",NA,NA,NA
"1034",NA,NA,NA
"1035","luke-kornet-1","128","3084"
"1036","kyle-kuzma-1","96","2016"
"1037","damion-lee-1","125","4100"
"1038","tyler-lydon-1","71","2350"
"1039",NA,NA,NA
"1040","lauri-markkanen-1","37","1139"
"1041","frank-mason-1","145","4350"
"1042","mangok-mathiang-1","114","2052"
"1043","erik-mccree-1","123","3087"
"1044","trey-mckinney-jones-1","130","3328"
"1045","alfonzo-mckinnie-1","96","1814"
"1046","malcolm-miller-1","112","2912"
"1047","donovan-mitchell-1","65","1690"
"1048",NA,NA,NA
"1049","malik-monk-1","38","1219"
"1050","ben-moore-1","135","3307"
"1051",NA,NA,NA
"1052","monte-morris-1","140","4732"
"1053","johnathan-motley-1","102","2478"
"1054","abdel-nader-1","117","2843"
"1055",NA,NA,NA
"1056",NA,NA,NA
"1057","semi-ojeleye-1","58","1339"
"1058",NA,NA,NA
"1059","marcus-paige-1","141","4568"
"1060","justin-patton-1","35","885"
"1061","brandon-paul-1","138","3670"
"1062","london-perrantes-1","138","4429"
"1063","alec-peters-1","134","4247"
"1064","jacob-pullen-1","135","3982"
"1065","rodney-purvis-1","137","4096"
"1066",NA,NA,NA
"1067","ivan-rabb-1","65","1989"
"1068","xavier-rathan-mayes-1","100","3050"
"1069","davon-reed-1","131","3681"
"1070","devin-robinson-1","105","2415"
"1071","ben-simmons-1","33","1151"
"1072","kobi-simmons-1","37","869"
"1073","edmond-sumner-1","58","1542"
"1074","caleb-swanigan-1","69","2014"
"1075","jayson-tatum-1","29","965"
"1076",NA,NA,NA
"1077",NA,NA,NA
"1078","sindarius-thornwell-1","132","4197"
"1079","tyrone-wallace-1","129","4076"
"1080","jameel-warney-1","135","4144"
"1081","andrew-white-1",NA,NA
"1082","derrick-white-1","34","1115"
"1083","jacob-wiley-1","54","1225"
"1084",NA,NA,NA
"1085",NA,NA,NA
"1086","jamil-wilson-1","127","3060"
"1087",NA,NA,NA
"1088",NA,NA,NA
"1089","jaylen-adams-1","110","3992"
"1090","deng-adel-1","89","2385"
"1091","devaughn-akoon-purcell-1","60","1632"
"1092","rawle-alkins-1","60","1758"
"1093","grayson-allen-1","142","3961"
"1094","kostas-antetokounmpo-1","29","437"
"1095","deandre-ayton-1","35","1172"
"1096",NA,NA,NA
"1097","keita-bates-diop-1","109","2703"
"1098",NA,NA,NA
"1099","jaron-blossomgame-1","128","3929"
"1100","jonah-bolden-1","31","672"
"1101",NA,NA,NA
"1102","mikal-bridges-1","116","3166"
"1103","miles-bridges-1","62","1959"
"1104","isaiah-briscoe-1","70","2191"
"1105","ryan-broekhoff-1","134","3644"
"1106","bruce-brown-1","114","2325"
"1107","jalen-brunson-1","116","3352"
"1108","deonte-burton-1","130","4394"
"1109","jevon-carter-1","144","4305"
"1110","troy-caupain-1","137","3986"
"1111","joe-chealey-1","129","4011"
"1112","chris-chiozza-1","139","3488"
"1113","gary-clark-1","109","1515"
"1114","bonzie-colson-1","125","3137"
"1115","tyler-davis-1","43","146"
"1116","angel-delgado-1","132","4039"
"1117","marcus-derrickson-1","89","2287"
"1118","hamidou-diallo-1","37","917"
"1119","donte-divincenzo-1","85","2159"
"1120",NA,NA,NA
"1121","trevon-duval-1","37","1102"
"1122","drew-eubanks-1","96","2716"
"1123","jacob-evans-1","105","3055"
"1124","billy-garrett-1","125","3650"
"1125","shai-gilgeous-alexander-1","37","1246"
"1126","brandon-goodwin-1","126","3628"
"1127",NA,NA,NA
"1128","donte-grantham-1","114","3442"
"1129","dusty-hannahs-1","131","3157"
"1130",NA,NA,NA
"1131",NA,NA,NA
"1132","aaron-holiday-1","101","3211"
"1133","kevin-huerter-1","65","2073"
"1134","isaac-humphries-1","61","524"
"1135","chandler-hutchison-1","123","2952"
"1136","frank-jackson-1","52",NA
"1137","amile-jefferson-1","150","3345"
"1138","alize-johnson-1","66","2026"
"1139","jemerrio-jones-1","68","1795"
"1140","george-king-1","127","2870"
"1141","kevin-knox-1","37","1198"
"1142",NA,NA,NA
"1143","zach-lofton-1","99","2910"
"1144","jordan-loyd-1","28","588"
"1145","daryl-macon-1","71","1988"
"1146",NA,NA,NA
"1147","yante-maten-1","128","3571"
"1148","tahjere-mccall-1","117","3042"
"1149",NA,NA,NA
"1150","chimezie-metu-1","104","2808"
"1151",NA,NA,NA
"1152",NA,NA,NA
"1153",NA,NA,NA
"1154","josh-okogie-1","61","2013"
"1155","theo-pinson-1","122","2647"
"1156","cameron-reynolds-1","135","3550"
"1157","duncan-robinson-1","115","2863"
"1158","jerome-robinson-1","113","2836"
"1159",NA,NA,NA
"1160","brandon-sampson-1","85","1717"
"1161","collin-sexton-1","33","986"
"1162","landry-shamet-1","71","2030"
"1163","jordan-sibert-1","122","2659"
"1164",NA,NA,NA
"1165","zhaire-smith-1","37","1050"
"1166",NA,NA,NA
"1167","omari-spellman-1","40","1124"
"1168","jared-terrell-1","134","4234"
"1169",NA,NA,NA
"1170","khyri-thomas-1","102","2774"
"1171","allonzo-trier-1","78","2457"
"1172","jarred-vanderbilt-1","14","238"
"1173","moritz-wagner-1","107","2247"
"1174","brad-wanamaker-1","134","3149"
"1175","julian-washburn-1","130","4446"
"1176","yuta-watanabe-1","134","4033"
"1177","thomas-welsh-1","132","3300"
"1178","johnathan-williams-1","14",NA
"1179","kenrich-williams-1","102","3284"
"1180","trae-young-1","32","1132"
