,x
1,devin-brown-1
2,matt-carroll-1
3,maurice-carter-1
4,marquis-daniels-1
5,josh-davis-1
6,ronald-dupree-1
7,desmond-ferguson-1
8,richie-frahm-1
9,hiram-fuller-1
10,alex-garcia-1
11,ben-handlogten-1
12,udonis-haslem-1
13,britton-johnsen-1
14,linton-johnson-1
15,keith-mcleod-1
16,jannero-pargo-1
17,desmond-penigar-1
18,kirk-penney-1
19,paul-shirley-1
20,theron-smith-1
21,cezary-trybanski-1
22,ime-udoka-1
23,mike-wilks-1
24,maurice-baker-1
25,andre-barrett-1
26,tony-bobbitt-1
27,jackie-butler-1
28,geno-carlisle-1
29,erik-daniels-1
30,john-edwards-1
31,junior-harrington-1
32,horace-jenkins-1
33,mark-jones-1
34,brandin-knight-1
35,andres-nocioni-1
36,jared-reiner-1
37,quinton-ross-1
38,ha-seung-jin-1
39,awvee-storey-1
40,yuta-tabuse-1
41,billy-thomas-1
42,james-thomas-1
43,damien-wilkins-1
44,alan-anderson-1
45,earl-barron-1
46,eddie-basden-1
47,esteban-batista-1
48,pat-burke-1
49,kevin-burleson-1
50,will-bynum-1
51,jose-calderon-1
52,noel-felix-1
53,gerald-fitch-1
54,sharrod-ford-1
55,deng-gai-1
56,stephen-graham-1
57,devin-green-1
58,anthony-grundy-1
59,chuck-hayes-1
60,sarunas-jasikevicius-1
61,dwayne-jones-1
62,john-lucas-1
63,arvydas-macijauskas-1
64,rawle-marshall-1
65,aaron-miles-1
66,boniface-ndong-1
67,fabricio-oberto-1
68,andre-owens-1
69,smush-parker-1
70,josh-powell-1
71,ronnie-price-1
72,shavlik-randolph-1
73,anthony-roberson-1
74,melvin-sanders-1
75,alex-scales-1
76,luke-schenscher-1
77,james-singleton-1
78,donell-taylor-1
79,matt-walsh-1
80,louis-amundson-1
81,kelenna-azubuike-1
82,cedric-bozeman-1
83,andre-brown-1
84,will-conroy-1
85,yakhouba-diawara-1
86,desmon-farmer-1
87,jorge-garbajosa-1
88,lynn-greer-1
89,mike-hall-1
90,walter-herrmann-1
91,robert-hite-1
92,tarence-kinsey-1
93,renaldo-major-1
94,chris-mccray-1
95,ivan-mcfarlin-1
96,pops-mensah-bonsu-1
97,randolph-morris-1
98,kevinn-pinkney-1
99,roger-powell-1
100,chris-quinn-1
101,allan-ray-1
102,jeremy-richardson-1
103,steven-smith-1
104,justin-williams-1
105,blake-ahearn-1
106,lance-allred-1
107,joel-anthony-1
108,thomas-gardner-1
109,mike-harris-1
110,coby-karl-1
111,keith-langford-1
112,jamario-moon-1
113,juancarlos-navarro-1
114,kasib-powell-1
115,courtney-sims-1
116,darius-washington-1
117,darryl-watkins-1
118,cj-watson-1
119,mario-west-1
120,bobby-brown-1
121,hamed-haddadi-1
122,steven-hill-1
123,othello-hunter-1
124,dontell-jefferson-1
125,trey-johnson-1
126,rob-kurz-1
127,cartier-martin-1
128,javale-mcgee-1
129,anthony-morrow-1
130,demarcus-nelson-1
131,anthony-tolliver-1
132,jawad-williams-1
133,sun-yue-1
134,antonio-anderson-1
135,sundiata-gaines-1
136,alonzo-gee-1
137,trey-gilder-1
138,chris-hunter-1
139,cedric-jackson-1
140,othyus-jeffers-1
141,oliver-lafayette-1
142,marcus-landry-1
143,wesley-matthews-1
144,garrett-temple-1
145,reggie-williams-1
146,jeff-adrien-1
147,jj-barea-1
148,sherron-collins-1
149,marcus-cousin-1
150,zabian-dowdell-1
151,gary-forbes-1
152,manny-harris-1
153,chris-johnson-1
154,jeremy-lin-1
155,timofey-mozgov-1
156,hamady-ndiaye-1
157,gary-neal-1
158,larry-owens-1
159,samardo-samuels-1
160,mustafa-shakur-1
161,garret-siler-1
162,ish-smith-1
163,ben-uzoh-1
164,gustavo-ayon-1
165,eric-dawson-1
166,justin-dentmon-1
167,jerome-dyson-1
168,jeff-foote-1
169,courtney-fortson-1
170,mickell-gladness-1
171,terrel-harris-1
172,cory-higgins-1
173,dennis-horner-1
174,carldell-johnson-1
175,ivan-johnson-1
176,dj-kennedy-1
177,etwaun-moore-1
178,jeremy-pargo-1
179,walker-russell-1
180,xavier-silas-1
181,donald-sloan-1
182,greg-smith-1
183,jerry-smith-1
184,greg-stiemsma-1
185,julyan-stone-1
186,lance-thomas-1
187,malcolm-thomas-1
188,mychel-thompson-1
189,edwin-ubiles-1
190,chris-wright-1
191,josh-akognon-1
192,aron-baynes-1
193,kent-bazemore-1
194,chris-copeland-1
195,nando-decolo-1
196,diante-garrett-1
197,ben-hansbrough-1
198,justin-holiday-1
199,dequan-jones-1
200,kevin-jones-1
201,perry-jones-1
202,viacheslav-kravtsov-1
203,scott-machado-1
204,tim-ohlbrecht-1
205,pablo-prigioni-1
206,brian-roberts-1
207,alexey-shved-1
208,henry-sims-1
209,mirza-teletovic-1
210,maalik-wayns-1
211,luke-zeller-1
212,pero-antic-1
213,jeff-ayres-1
214,chris-babb-1
215,vander-blue-1
216,dwight-buycks-1
217,dionte-christmas-1
218,ian-clark-1
219,robert-covington-1
220,seth-curry-1
221,troy-daniels-1
222,brandon-davies-1
223,dewayne-dedmon-1
224,matthew-dellavedova-1
225,shane-edwards-1
226,vitor-faverani-1
227,jorge-gutierrez-1
228,elias-harris-1
229,scotty-hopson-1
230,ray-mccallum-1
231,gal-mekel-1
232,james-nunnally-1
233,arinze-onuaku-1
234,phil-pressey-1
235,miroslav-raduljica-1
236,glen-rice-1
237,chris-smith-1
238,james-southerland-1
239,dj-stephens-1
240,adonis-thomas-1
241,hollis-thompson-1
242,casper-ware-1
243,jerrelle-benimon-1
244,sim-bhullar-1
245,tarik-black-1
246,jabari-brown-1
247,will-cherry-1
248,patrick-christopher-1
249,jack-cooley-1
250,bryce-cotton-1
251,andre-dawkins-1
252,zoran-dragic-1
253,larry-drew-1
254,tim-frazier-1
255,langston-galloway-1
256,drew-gordon-1
257,jamychal-green-1
258,joe-ingles-1
259,tyler-johnson-1
260,sean-kilpatrick-1
261,alex-kirk-1
262,kalin-lucas-1
263,jamesmichael-mcadoo-1
264,jerel-mcneal-1
265,elijah-millsap-1
266,eric-moreland-1
267,johnny-obryant-1
268,glenn-robinson-1
269,damjan-rudez-1
270,jakarr-sampson-1
271,david-stockton-1
272,henry-walker-1
273,david-wear-1
274,travis-wear-1
275,shayne-whittington-1
276,lou-williams-1
277,cliff-alexander-1
278,keith-appling-1
279,coty-clarke-1
280,bryce-dejean-jones-1
281,duje-dukan-1
282,jarell-eddie-1
283,cristiano-felicio-1
284,aaron-harrison-1
285,marcelo-huertas-1
286,boban-marjanovic-1
287,tj-mcconnell-1
288,salah-mejri-1
289,luis-montero-1
290,xavier-munford-1
291,jj-obrien-1
292,willie-reed-1
293,dangelo-russell-1
294,jonathon-simmons-1
295,alex-stepheson-1
296,axel-toupane-1
297,briante-weber-1
298,alan-williams-1
299,christian-wood-1
300,joe-young-1
301,alex-abrines-1
302,ron-baker-1
303,wade-baldwin-1
304,deandre-bembry-1
305,nicolas-brussino-1
306,quinn-cook-1
307,malcolm-delaney-1
308,yogi-ferrell-1
309,dorian-finney-smith-1
310,bryn-forbes-1
311,patricio-garino-1
312,marcus-georges-hunt-1
313,jonathan-gibson-1
314,treveon-graham-1
315,danuel-house-1
316,mindaugas-kuzminskas-1
317,nicolas-laprovittola-1
318,shawn-long-1
319,rodney-mcgruder-1
320,maurice-ndour-1
321,david-nwaba-1
322,daniel-ochefu-1
323,marshall-plumlee-1
324,jakob-poeltl-1
325,alex-poythress-1
326,tim-quarterman-1
327,chasson-randle-1
328,wayne-selden-1
329,edy-tavares-1
330,isaiah-taylor-1
331,mike-tobey-1
332,jarrod-uthoff-1
333,fred-vanvleet-1
334,okaro-white-1
335,troy-williams-1
336,kyle-wiltjer-1
337,ryan-arcidiacono-1
338,jamel-artis-1
339,khem-birch-1
340,antonio-blakeney-1
341,chris-boucher-1
342,alex-caruso-1
343,tyler-cavanaugh-1
344,gian-clavell-1
345,antonius-cleveland-1
346,kyle-collinsworth-1
347,charles-cooke-1
348,matt-costello-1
349,torrey-craig-1
350,milton-doyle-1
351,pj-dozier-1
352,deaaron-fox-1
353,josh-gray-1
354,shaquille-harrison-1
355,nigel-hayes-1
356,reggie-hearn-1
357,myke-henry-1
358,isaiah-hicks-1
359,john-holland-1
360,andre-ingram-1
361,aaron-jackson-1
362,mike-james-1
363,omari-johnson-1
364,jalen-jones-1
365,maxi-kleber-1
366,luke-kornet-1
367,damion-lee-1
368,josh-magette-1
369,frank-mason-1
370,mangok-mathiang-1
371,erik-mccree-1
372,trey-mckinney-jones-1
373,alfonzo-mckinnie-1
374,malcolm-miller-1
375,naz-mitrou-long-1
376,ben-moore-1
377,jaylen-morris-1
378,johnathan-motley-1
379,royce-oneale-1
380,brandon-paul-1
381,london-perrantes-1
382,jacob-pullen-1
383,rodney-purvis-1
384,zhou-qi-1
385,xavier-rathan-mayes-1
386,devin-robinson-1
387,kobi-simmons-1
388,milos-teodosic-1
389,daniel-theis-1
390,jameel-warney-1
391,andrew-white-1
392,jacob-wiley-1
393,cj-williams-1
394,jamil-wilson-1
395,jaylen-adams-1
396,deng-adel-1
397,devaughn-akoon-purcell-1
398,rawle-alkins-1
399,mo-bamba-1
400,dairis-bertans-1
401,isaiah-briscoe-1
402,ryan-broekhoff-1
403,deonte-burton-1
404,troy-caupain-1
405,joe-chealey-1
406,chris-chiozza-1
407,gary-clark-1
408,bonzie-colson-1
409,tyler-davis-1
410,angel-delgado-1
411,marcus-derrickson-1
412,trevon-duval-1
413,drew-eubanks-1
414,billy-garrett-1
415,brandon-goodwin-1
416,devonte-graham-1
417,donte-grantham-1
418,dusty-hannahs-1
419,haywood-highsmith-1
420,isaac-humphries-1
421,amile-jefferson-1
422,bj-johnson-1
423,jemerrio-jones-1
424,zach-lofton-1
425,jordan-loyd-1
426,daryl-macon-1
427,jp-macura-1
428,yante-maten-1
429,tahjere-mccall-1
430,deanthony-melton-1
431,dzanan-musa-1
432,theo-pinson-1
433,cameron-reynolds-1
434,duncan-robinson-1
435,brandon-sampson-1
436,jordan-sibert-1
437,jared-terrell-1
438,emanuel-terry-1
439,allonzo-trier-1
440,brad-wanamaker-1
441,julian-washburn-1
442,yuta-watanabe-1
443,johnathan-williams-1
444,kenrich-williams-1
